拍,時間,傳送位元,是否顯示動畫
1,01:09:53.419,0,NO
2,01:09:53.919,0,YES
3,01:09:54.419,1,NO
4,01:09:54.919,0,NO
5,01:09:55.419,0,NO
6,01:09:55.919,0,YES
7,01:09:56.419,1,NO
8,01:09:56.919,0,NO
9,01:09:57.419,0,YES
10,01:09:57.919,1,NO
11,01:09:58.419,0,NO
12,01:09:58.919,0,YES
13,01:09:59.419,1,NO
14,01:09:59.919,0,NO
15,01:10:00.419,0,NO
16,01:10:00.919,0,YES
17,01:10:01.419,1,NO
18,01:10:01.919,0,NO
19,01:10:02.419,0,NO
20,01:10:02.919,0,YES
21,01:10:03.419,1,NO
22,01:10:03.919,0,NO
23,01:10:04.419,0,YES
24,01:10:04.919,1,NO
25,01:10:05.419,0,NO
26,01:10:05.919,0,YES
27,01:10:06.419,1,NO
28,01:10:06.919,0,NO
29,01:10:07.419,0,NO
30,01:10:07.919,0,YES
31,01:10:08.419,1,NO
32,01:10:08.919,0,NO
33,01:10:09.419,0,YES
34,01:10:09.919,1,NO
35,01:10:10.419,0,NO
36,01:10:10.919,0,YES
37,01:10:11.419,1,NO
38,01:10:11.919,0,NO
39,01:10:12.419,0,NO
40,01:10:12.919,0,YES
41,01:10:13.419,1,NO
42,01:10:13.919,0,NO
43,01:10:14.419,0,YES
44,01:10:14.919,1,NO
45,01:10:15.419,0,NO
46,01:10:15.919,0,YES
47,01:10:16.419,1,NO
48,01:10:16.919,0,NO
49,01:10:17.419,0,NO
50,01:10:17.919,0,YES
51,01:10:18.419,1,NO
52,01:10:18.919,0,NO
53,01:10:19.419,0,YES
54,01:10:19.919,1,NO
55,01:10:20.419,0,NO
56,01:10:20.919,0,YES
57,01:10:21.419,1,NO
58,01:10:21.919,0,NO
59,01:10:22.419,0,NO
60,01:10:22.919,0,YES
61,01:10:23.419,1,NO
62,01:10:23.919,0,NO
63,01:10:24.419,0,YES
64,01:10:24.919,1,NO
65,01:10:25.419,0,NO
66,01:10:25.919,0,YES
67,01:10:26.419,1,NO
68,01:10:26.919,0,NO
69,01:10:27.419,0,NO
70,01:10:27.919,0,YES
71,01:10:28.419,1,NO
72,01:10:28.919,0,NO
73,01:10:29.419,0,YES
74,01:10:29.919,1,NO
75,01:10:30.419,0,NO
76,01:10:30.923,0,YES
77,01:10:31.419,1,NO
78,01:10:31.919,0,NO
79,01:10:32.419,0,NO
80,01:10:32.919,0,YES
81,01:10:33.419,1,NO
82,01:10:33.919,0,NO
83,01:10:34.419,0,YES
84,01:10:34.919,1,NO
85,01:10:35.423,0,NO
86,01:10:35.919,0,YES
87,01:10:36.419,1,NO
88,01:10:36.919,0,NO
89,01:10:37.419,0,NO
90,01:10:37.919,0,YES
91,01:10:38.419,1,NO
92,01:10:38.919,0,NO
93,01:10:39.419,0,YES
94,01:10:39.919,1,NO
95,01:10:40.419,0,NO
96,01:10:40.919,0,YES
97,01:10:41.419,1,NO
98,01:10:41.919,0,NO
99,01:10:42.419,0,NO
100,01:10:42.919,0,YES
101,01:10:43.419,1,NO
102,01:10:43.919,0,NO
103,01:10:44.419,0,YES
104,01:10:44.919,1,NO
105,01:10:45.419,0,NO
106,01:10:45.919,0,YES
107,01:10:46.419,1,NO
108,01:10:46.919,0,NO
109,01:10:47.419,0,NO
110,01:10:47.919,0,YES
111,01:10:48.419,1,NO
112,01:10:48.919,0,NO
113,01:10:49.419,0,YES
114,01:10:49.919,1,NO
115,01:10:50.419,0,NO
116,01:10:50.919,0,YES
117,01:10:51.419,1,NO
118,01:10:51.919,0,NO
119,01:10:52.419,0,NO
120,01:10:52.919,0,YES
121,01:10:53.419,1,NO
122,01:10:53.919,0,NO
123,01:10:54.419,0,YES
124,01:10:54.919,1,NO
125,01:10:55.419,0,NO
126,01:10:55.919,0,YES
127,01:10:56.419,1,NO
128,01:10:56.919,0,NO
129,01:10:57.419,0,NO
130,01:10:57.919,0,YES
131,01:10:58.419,1,NO
132,01:10:58.919,0,NO
133,01:10:59.419,0,YES
134,01:10:59.919,1,NO
135,01:11:00.419,0,NO
136,01:11:00.919,0,YES
137,01:11:01.419,1,NO
138,01:11:01.919,0,NO
139,01:11:02.419,0,NO
140,01:11:02.919,0,YES
141,01:11:03.419,1,NO
142,01:11:03.919,0,NO
143,01:11:04.419,0,YES
144,01:11:04.919,1,NO
145,01:11:05.419,0,NO
146,01:11:05.919,0,YES
147,01:11:06.419,1,NO
148,01:11:06.919,0,NO
149,01:11:07.419,0,NO
150,01:11:07.919,0,YES
151,01:11:08.419,1,NO
152,01:11:08.919,0,NO
153,01:11:09.419,0,YES
154,01:11:09.919,1,NO
155,01:11:10.419,0,NO
156,01:11:10.919,0,YES
157,01:11:11.419,1,NO
158,01:11:11.919,0,NO
159,01:11:12.419,0,NO
160,01:11:12.919,0,YES
161,01:11:13.419,1,NO
162,01:11:13.919,0,NO
163,01:11:14.419,0,YES
164,01:11:14.919,1,NO
165,01:11:15.419,0,NO
166,01:11:15.919,0,YES
167,01:11:16.419,1,NO
168,01:11:16.919,0,NO
169,01:11:17.419,0,NO
170,01:11:17.919,0,YES
171,01:11:18.419,1,NO
172,01:11:18.919,0,NO
173,01:11:19.419,0,YES
174,01:11:19.919,1,NO
175,01:11:20.419,0,NO
176,01:11:20.919,0,YES
177,01:11:21.419,1,NO
178,01:11:21.919,0,NO
179,01:11:22.419,0,NO
180,01:11:22.919,0,YES
181,01:11:23.419,1,NO
182,01:11:23.919,0,NO
183,01:11:24.419,0,YES
184,01:11:24.919,1,NO
185,01:11:25.419,0,NO
186,01:11:25.919,0,YES
187,01:11:26.419,1,NO
188,01:11:26.919,0,NO
189,01:11:27.419,0,NO
190,01:11:27.919,0,YES
191,01:11:28.419,1,NO
192,01:11:28.919,0,NO
193,01:11:29.419,0,YES
194,01:11:29.919,1,NO
195,01:11:30.419,0,NO
196,01:11:30.919,0,YES
197,01:11:31.419,1,NO
198,01:11:31.919,0,NO
199,01:11:32.419,0,NO
200,01:11:32.919,0,YES
201,01:11:33.419,1,NO
202,01:11:33.919,0,NO
203,01:11:34.419,0,YES
204,01:11:34.919,1,NO
205,01:11:35.419,0,NO
206,01:11:35.919,0,YES
207,01:11:36.419,1,NO
208,01:11:36.919,0,NO
209,01:11:37.419,0,NO
210,01:11:37.919,0,YES
211,01:11:38.419,1,NO
212,01:11:38.919,0,NO
213,01:11:39.419,0,YES
214,01:11:39.919,1,NO
215,01:11:40.419,0,NO
216,01:11:40.919,0,YES
217,01:11:41.419,1,NO
218,01:11:41.919,0,NO
219,01:11:42.419,0,NO
220,01:11:42.919,0,YES
221,01:11:43.419,1,NO
222,01:11:43.921,0,NO
223,01:11:44.419,0,YES
224,01:11:44.919,1,NO
225,01:11:45.419,0,NO
226,01:11:45.919,0,YES
227,01:11:46.419,1,NO
228,01:11:46.919,0,NO
229,01:11:47.419,0,NO
230,01:11:47.919,0,YES
231,01:11:48.419,1,NO
232,01:11:48.919,0,NO
233,01:11:49.419,0,YES
234,01:11:49.919,1,NO
235,01:11:50.419,0,NO
236,01:11:50.919,0,YES
237,01:11:51.419,1,NO
238,01:11:51.919,0,NO
239,01:11:52.419,0,NO
240,01:11:52.919,0,YES
241,01:11:53.419,1,NO
242,01:11:53.919,0,NO
243,01:11:54.419,0,YES
244,01:11:54.919,1,NO
245,01:11:55.419,0,NO
246,01:11:55.919,0,YES
247,01:11:56.419,1,NO
248,01:11:56.919,0,NO
249,01:11:57.419,0,NO
250,01:11:57.919,0,YES
251,01:11:58.419,1,NO
252,01:11:58.919,0,NO
253,01:11:59.419,0,YES
254,01:11:59.919,1,NO
255,01:12:00.419,0,NO
256,01:12:00.919,0,YES
257,01:12:01.419,1,NO
258,01:12:01.919,0,NO
259,01:12:02.419,0,NO
260,01:12:02.919,0,YES
261,01:12:03.419,1,NO
262,01:12:03.919,0,NO
263,01:12:04.419,0,YES
264,01:12:04.919,1,NO
265,01:12:05.419,0,NO
266,01:12:05.919,0,YES
267,01:12:06.419,1,NO
268,01:12:06.919,0,NO
269,01:12:07.419,0,NO
270,01:12:07.919,0,YES
271,01:12:08.419,1,NO
272,01:12:08.919,0,NO
273,01:12:09.419,0,YES
274,01:12:09.919,1,NO
275,01:12:10.419,0,NO
276,01:12:10.919,0,YES
277,01:12:11.419,1,NO
278,01:12:11.919,0,NO
279,01:12:12.419,0,NO
280,01:12:12.919,0,YES
281,01:12:13.419,1,NO
282,01:12:13.919,0,NO
283,01:12:14.419,0,YES
284,01:12:14.919,1,NO
285,01:12:15.419,0,NO
286,01:12:15.919,0,YES
287,01:12:16.419,1,NO
288,01:12:16.919,0,NO
289,01:12:17.419,0,NO
290,01:12:17.919,0,YES
291,01:12:18.419,1,NO
292,01:12:18.919,0,NO
293,01:12:19.419,0,YES
294,01:12:19.919,1,NO
295,01:12:20.419,0,NO
296,01:12:20.919,0,YES
297,01:12:21.419,1,NO
298,01:12:21.919,0,NO
299,01:12:22.419,0,NO
300,01:12:22.919,0,YES
301,01:12:23.419,1,NO
302,01:12:23.919,0,NO
303,01:12:24.419,0,YES
304,01:12:24.919,1,NO
305,01:12:25.419,0,NO
306,01:12:25.919,0,YES
307,01:12:26.419,1,NO
308,01:12:26.919,0,NO
309,01:12:27.419,0,NO
310,01:12:27.919,0,YES
311,01:12:28.419,1,NO
312,01:12:28.919,0,NO
313,01:12:29.419,0,YES
314,01:12:29.919,1,NO
315,01:12:30.419,0,NO
316,01:12:30.919,0,YES
317,01:12:31.419,1,NO
318,01:12:31.919,0,NO
319,01:12:32.419,0,NO
320,01:12:32.919,0,YES
321,01:12:33.419,1,NO
322,01:12:33.919,0,NO
323,01:12:34.419,0,YES
324,01:12:34.919,1,NO
325,01:12:35.419,0,NO
326,01:12:35.919,0,YES
327,01:12:36.419,1,NO
328,01:12:36.919,0,NO
329,01:12:37.419,0,NO
330,01:12:37.919,0,YES
331,01:12:38.419,1,NO
332,01:12:38.919,0,NO
333,01:12:39.419,0,YES
334,01:12:39.919,1,NO
335,01:12:40.419,0,NO
336,01:12:40.919,0,YES
337,01:12:41.419,1,NO
338,01:12:41.919,0,NO
339,01:12:42.419,0,NO
340,01:12:42.919,0,YES
341,01:12:43.419,1,NO
342,01:12:43.919,0,NO
343,01:12:44.419,0,YES
344,01:12:44.919,1,NO
345,01:12:45.419,0,NO
346,01:12:45.919,0,YES
347,01:12:46.419,1,NO
348,01:12:46.919,0,NO
349,01:12:47.419,0,NO
350,01:12:47.919,0,YES
351,01:12:48.419,1,NO
352,01:12:48.919,0,NO
353,01:12:49.422,0,YES
354,01:12:49.919,1,NO
355,01:12:50.419,0,NO
356,01:12:50.919,0,YES
357,01:12:51.419,1,NO
358,01:12:51.919,0,NO
359,01:12:52.419,0,NO
360,01:12:52.919,0,YES
361,01:12:53.419,1,NO
362,01:12:53.919,0,NO
363,01:12:54.419,0,YES
364,01:12:54.919,1,NO
365,01:12:55.419,0,NO
366,01:12:55.919,0,YES
367,01:12:56.419,1,NO
368,01:12:56.919,0,NO
369,01:12:57.419,0,NO
370,01:12:57.920,0,YES
371,01:12:58.419,1,NO
372,01:12:58.919,0,NO
373,01:12:59.419,0,YES
374,01:12:59.919,1,NO
375,01:13:00.426,0,NO
376,01:13:00.919,0,YES
377,01:13:01.419,1,NO
378,01:13:01.921,0,NO
379,01:13:02.419,0,NO
380,01:13:02.919,0,YES
381,01:13:03.419,1,NO
382,01:13:03.919,0,NO
383,01:13:04.419,0,YES
384,01:13:04.919,1,NO
385,01:13:05.419,0,NO
386,01:13:05.919,0,YES
387,01:13:06.419,1,NO
388,01:13:06.919,0,NO
389,01:13:07.419,0,NO
390,01:13:07.919,0,YES
391,01:13:08.419,1,NO
392,01:13:08.919,0,NO
393,01:13:09.419,0,YES
394,01:13:09.919,1,NO
395,01:13:10.419,0,NO
396,01:13:10.919,0,YES
397,01:13:11.419,1,NO
398,01:13:11.919,0,NO
399,01:13:12.419,0,NO
400,01:13:12.919,0,YES
401,01:13:13.419,1,NO
402,01:13:13.919,0,NO
403,01:13:14.419,0,YES
404,01:13:14.920,1,NO
405,01:13:15.419,0,NO
406,01:13:15.919,0,YES
407,01:13:16.419,1,NO
408,01:13:16.919,0,NO
409,01:13:17.419,0,NO
410,01:13:17.919,0,NO
411,01:13:18.419,0,NO
412,01:13:18.919,0,NO
413,01:13:19.419,0,NO
414,01:13:19.919,0,NO
415,01:13:20.419,0,NO
416,01:13:20.919,0,NO
417,01:13:21.419,0,NO
418,01:13:21.937,0,NO
419,01:13:22.419,0,NO
420,01:13:22.919,0,YES
421,01:13:23.419,1,NO
422,01:13:23.919,0,NO
423,01:13:24.419,0,YES
424,01:13:24.919,1,NO
425,01:13:25.419,0,NO
426,01:13:25.919,0,YES
427,01:13:26.419,1,NO
428,01:13:26.919,0,NO
429,01:13:27.419,0,NO
430,01:13:27.919,0,YES
431,01:13:28.419,1,NO
432,01:13:28.919,0,NO
433,01:13:29.419,0,YES
434,01:13:29.919,1,NO
435,01:13:30.419,0,NO
436,01:13:30.919,0,NO
437,01:13:31.419,0,NO
438,01:13:31.919,0,NO
439,01:13:32.419,0,NO
440,01:13:32.919,0,YES
441,01:13:33.421,1,NO
442,01:13:33.919,0,NO
443,01:13:34.419,0,NO
444,01:13:34.919,0,NO
